displayIndex,title,knowledgeId,url
"1.1","本章概述","1007425781","https://mooc2-ans.chaoxing.com/mooc2-ans/mycourse/teacherstudy?chapterId=1007425781&courseId=248275882&clazzid=110782811"
"1.2","1.1概述","982352622","https://mooc2-ans.chaoxing.com/mooc2-ans/mycourse/teacherstudy?chapterId=982352622&courseId=248275882&clazzid=110782811"
"1.2.1","案例导学 ——非数值计算中的数据结构问题","982352924","https://mooc2-ans.chaoxing.com/mooc2-ans/mycourse/teacherstudy?chapterId=982352924&courseId=248275882&clazzid=110782811"
"1.2.2","1.1.1数据结构的研究内容","982353267","https://mooc2-ans.chaoxing.com/mooc2-ans/mycourse/teacherstudy?chapterId=982353267&courseId=248275882&clazzid=110782811"
"1.2.2.1","数值计算问题的基本解决过程","982353321","https://mooc2-ans.chaoxing.com/mooc2-ans/mycourse/teacherstudy?chapterId=982353321&courseId=248275882&clazzid=110782811"
"1.2.2.2","非数值计算求解的问题","1008818915","https://mooc2-ans.chaoxing.com/mooc2-ans/mycourse/teacherstudy?chapterId=1008818915&courseId=248275882&clazzid=110782811"
"1.2.3","1.1.2数据结构的发展历程","982353330","https://mooc2-ans.chaoxing.com/mooc2-ans/mycourse/teacherstudy?chapterId=982353330&courseId=248275882&clazzid=110782811"
"1.3","1.2基本概念和术语","982356731","https://mooc2-ans.chaoxing.com/mooc2-ans/mycourse/teacherstudy?chapterId=982356731&courseId=248275882&clazzid=110782811"
"1.3.1","1.2.1数据、数据元素、数据项和数据对象","982356808","https://mooc2-ans.chaoxing.com/mooc2-ans/mycourse/teacherstudy?chapterId=982356808&courseId=248275882&clazzid=110782811"
"1.3.2","1.2.2数据结构、逻辑结构和存储结构","982356897","https://mooc2-ans.chaoxing.com/mooc2-ans/mycourse/teacherstudy?chapterId=982356897&courseId=248275882&clazzid=110782811"
"1.3.3","1.2.3数据类型和抽象数据类型","982356949","https://mooc2-ans.chaoxing.com/mooc2-ans/mycourse/teacherstudy?chapterId=982356949&courseId=248275882&clazzid=110782811"
"1.4","1.3算法和算法分析","982357029","https://mooc2-ans.chaoxing.com/mooc2-ans/mycourse/teacherstudy?chapterId=982357029&courseId=248275882&clazzid=110782811"
"1.4.1","案例导学——算法时间效率的评价","982357032","https://mooc2-ans.chaoxing.com/mooc2-ans/mycourse/teacherstudy?chapterId=982357032&courseId=248275882&clazzid=110782811"
"1.4.2","1.3.1算法的定义与特性","982357037","https://mooc2-ans.chaoxing.com/mooc2-ans/mycourse/teacherstudy?chapterId=982357037&courseId=248275882&clazzid=110782811"
"1.4.3","1.3.2评价算法的基本标准","982357117","https://mooc2-ans.chaoxing.com/mooc2-ans/mycourse/teacherstudy?chapterId=982357117&courseId=248275882&clazzid=110782811"
"1.4.4","1.3.3算法时间效率的度量","982357161","https://mooc2-ans.chaoxing.com/mooc2-ans/mycourse/teacherstudy?chapterId=982357161&courseId=248275882&clazzid=110782811"
"1.4.4.1","频度","982357176","https://mooc2-ans.chaoxing.com/mooc2-ans/mycourse/teacherstudy?chapterId=982357176&courseId=248275882&clazzid=110782811"
"1.4.4.2","时间复杂度","982357281","https://mooc2-ans.chaoxing.com/mooc2-ans/mycourse/teacherstudy?chapterId=982357281&courseId=248275882&clazzid=110782811"
"1.4.4.3","时间复杂度案例解析","982357384","https://mooc2-ans.chaoxing.com/mooc2-ans/mycourse/teacherstudy?chapterId=982357384&courseId=248275882&clazzid=110782811"
"1.4.5","1.3.4算法空间效率的度量","982357493","https://mooc2-ans.chaoxing.com/mooc2-ans/mycourse/teacherstudy?chapterId=982357493&courseId=248275882&clazzid=110782811"
"2.1","本章概述","1007432786","https://mooc2-ans.chaoxing.com/mooc2-ans/mycourse/teacherstudy?chapterId=1007432786&courseId=248275882&clazzid=110782811"
"2.2","案例导学——有序表的合并","982364708","https://mooc2-ans.chaoxing.com/mooc2-ans/mycourse/teacherstudy?chapterId=982364708&courseId=248275882&clazzid=110782811"
"2.3","2.1线性表的概念","982365040","https://mooc2-ans.chaoxing.com/mooc2-ans/mycourse/teacherstudy?chapterId=982365040&courseId=248275882&clazzid=110782811"
"2.3.1","2.1.1线性表的定义和特点","982365163","https://mooc2-ans.chaoxing.com/mooc2-ans/mycourse/teacherstudy?chapterId=982365163&courseId=248275882&clazzid=110782811"
"2.3.2","2.1.2线性表的抽象数据类型定义","982365234","https://mooc2-ans.chaoxing.com/mooc2-ans/mycourse/teacherstudy?chapterId=982365234&courseId=248275882&clazzid=110782811"
"2.3.3","2.1.3基于抽象数据类型的线性表合并","984416202","https://mooc2-ans.chaoxing.com/mooc2-ans/mycourse/teacherstudy?chapterId=984416202&courseId=248275882&clazzid=110782811"
"2.3.3.1","线性表合并基本过程","984416425","https://mooc2-ans.chaoxing.com/mooc2-ans/mycourse/teacherstudy?chapterId=984416425&courseId=248275882&clazzid=110782811"
"2.3.3.2","线性表合并算法设计","984416592","https://mooc2-ans.chaoxing.com/mooc2-ans/mycourse/teacherstudy?chapterId=984416592&courseId=248275882&clazzid=110782811"
"2.4","2.2线性表的顺序表示和实现","984416827","https://mooc2-ans.chaoxing.com/mooc2-ans/mycourse/teacherstudy?chapterId=984416827&courseId=248275882&clazzid=110782811"
"2.4.1","2.2.1线性表的顺序存储表示","984416866","https://mooc2-ans.chaoxing.com/mooc2-ans/mycourse/teacherstudy?chapterId=984416866&courseId=248275882&clazzid=110782811"
"2.4.2","2.2.2顺序表的存储结构定义","984416871","https://mooc2-ans.chaoxing.com/mooc2-ans/mycourse/teacherstudy?chapterId=984416871&courseId=248275882&clazzid=110782811"
"2.4.3","2.2.3顺序表的基本操作实现","984416880","https://mooc2-ans.chaoxing.com/mooc2-ans/mycourse/teacherstudy?chapterId=984416880&courseId=248275882&clazzid=110782811"
"2.4.3.1","顺序表的初始化","984416905","https://mooc2-ans.chaoxing.com/mooc2-ans/mycourse/teacherstudy?chapterId=984416905&courseId=248275882&clazzid=110782811"
"2.4.3.2","顺序表的插入","984416910","https://mooc2-ans.chaoxing.com/mooc2-ans/mycourse/teacherstudy?chapterId=984416910&courseId=248275882&clazzid=110782811"
"2.4.3.3","顺序表的删除","984417054","https://mooc2-ans.chaoxing.com/mooc2-ans/mycourse/teacherstudy?chapterId=984417054&courseId=248275882&clazzid=110782811"
"2.4.3.4","顺序表的合并","984417120","https://mooc2-ans.chaoxing.com/mooc2-ans/mycourse/teacherstudy?chapterId=984417120&courseId=248275882&clazzid=110782811"
"2.5","2.3线性表的链式表示和实现","984417300","https://mooc2-ans.chaoxing.com/mooc2-ans/mycourse/teacherstudy?chapterId=984417300&courseId=248275882&clazzid=110782811"
"2.5.1","2.3.1单链表的存储结构定义","984417569","https://mooc2-ans.chaoxing.com/mooc2-ans/mycourse/teacherstudy?chapterId=984417569&courseId=248275882&clazzid=110782811"
"2.5.1.1","单链表的相关概念","984420010","https://mooc2-ans.chaoxing.com/mooc2-ans/mycourse/teacherstudy?chapterId=984420010&courseId=248275882&clazzid=110782811"
"2.5.1.2","单链表结构的实现","984420033","https://mooc2-ans.chaoxing.com/mooc2-ans/mycourse/teacherstudy?chapterId=984420033&courseId=248275882&clazzid=110782811"
"2.5.2","2.3.2单链表的基本操作实现","984420061","https://mooc2-ans.chaoxing.com/mooc2-ans/mycourse/teacherstudy?chapterId=984420061&courseId=248275882&clazzid=110782811"
"2.5.2.1","单链表的查找","984420093","https://mooc2-ans.chaoxing.com/mooc2-ans/mycourse/teacherstudy?chapterId=984420093&courseId=248275882&clazzid=110782811"
"2.5.2.2","单链表的插入","984420103","https://mooc2-ans.chaoxing.com/mooc2-ans/mycourse/teacherstudy?chapterId=984420103&courseId=248275882&clazzid=110782811"
"2.5.2.3","单链表的删除","984420134","https://mooc2-ans.chaoxing.com/mooc2-ans/mycourse/teacherstudy?chapterId=984420134&courseId=248275882&clazzid=110782811"
"2.5.2.4","头插法建立链表","984420141","https://mooc2-ans.chaoxing.com/mooc2-ans/mycourse/teacherstudy?chapterId=984420141&courseId=248275882&clazzid=110782811"
"2.5.2.5","尾插法建立链表","984420186","https://mooc2-ans.chaoxing.com/mooc2-ans/mycourse/teacherstudy?chapterId=984420186&courseId=248275882&clazzid=110782811"
"2.5.2.6","基于单链表的有序表的合并","984420202","https://mooc2-ans.chaoxing.com/mooc2-ans/mycourse/teacherstudy?chapterId=984420202&courseId=248275882&clazzid=110782811"
"2.5.2.7","单链表和顺序表比较","984420231","https://mooc2-ans.chaoxing.com/mooc2-ans/mycourse/teacherstudy?chapterId=984420231&courseId=248275882&clazzid=110782811"
"2.5.3","2.3.3其他形式的链表","984420286","https://mooc2-ans.chaoxing.com/mooc2-ans/mycourse/teacherstudy?chapterId=984420286&courseId=248275882&clazzid=110782811"
"2.5.3.1","循环链表","984420329","https://mooc2-ans.chaoxing.com/mooc2-ans/mycourse/teacherstudy?chapterId=984420329&courseId=248275882&clazzid=110782811"
"2.5.3.2","双向链表","984420452","https://mooc2-ans.chaoxing.com/mooc2-ans/mycourse/teacherstudy?chapterId=984420452&courseId=248275882&clazzid=110782811"
"2.5.3.3","静态链表","984420661","https://mooc2-ans.chaoxing.com/mooc2-ans/mycourse/teacherstudy?chapterId=984420661&courseId=248275882&clazzid=110782811"
"2.6","2.4线性表的应用实例","984420813","https://mooc2-ans.chaoxing.com/mooc2-ans/mycourse/teacherstudy?chapterId=984420813&courseId=248275882&clazzid=110782811"
"2.6.1","2.4.1约瑟夫环问题","984420870","https://mooc2-ans.chaoxing.com/mooc2-ans/mycourse/teacherstudy?chapterId=984420870&courseId=248275882&clazzid=110782811"
"2.6.2","2.4.2一元多项式的表示和相加","984420819","https://mooc2-ans.chaoxing.com/mooc2-ans/mycourse/teacherstudy?chapterId=984420819&courseId=248275882&clazzid=110782811"
"2.6.2.1","一元多项式的表示","984420825","https://mooc2-ans.chaoxing.com/mooc2-ans/mycourse/teacherstudy?chapterId=984420825&courseId=248275882&clazzid=110782811"
"2.6.2.2","一元多项式相加的过程","984420842","https://mooc2-ans.chaoxing.com/mooc2-ans/mycourse/teacherstudy?chapterId=984420842&courseId=248275882&clazzid=110782811"
"2.6.2.3","一元多项式相加算法","984420852","https://mooc2-ans.chaoxing.com/mooc2-ans/mycourse/teacherstudy?chapterId=984420852&courseId=248275882&clazzid=110782811"
"3.1","本章概述","1007434434","https://mooc2-ans.chaoxing.com/mooc2-ans/mycourse/teacherstudy?chapterId=1007434434&courseId=248275882&clazzid=110782811"
"3.2","3.1栈","984424618","https://mooc2-ans.chaoxing.com/mooc2-ans/mycourse/teacherstudy?chapterId=984424618&courseId=248275882&clazzid=110782811"
"3.2.1","案例导学-数制转换问题","988246520","https://mooc2-ans.chaoxing.com/mooc2-ans/mycourse/teacherstudy?chapterId=988246520&courseId=248275882&clazzid=110782811"
"3.2.2","3.1.1栈的基本概念","1007434468","https://mooc2-ans.chaoxing.com/mooc2-ans/mycourse/teacherstudy?chapterId=1007434468&courseId=248275882&clazzid=110782811"
"3.2.2.1","3.1.1.1栈的定义和特点","984424795","https://mooc2-ans.chaoxing.com/mooc2-ans/mycourse/teacherstudy?chapterId=984424795&courseId=248275882&clazzid=110782811"
"3.2.2.2","3.1.1.2栈的抽象数据类型定义","984425728","https://mooc2-ans.chaoxing.com/mooc2-ans/mycourse/teacherstudy?chapterId=984425728&courseId=248275882&clazzid=110782811"
"3.2.3","3.1.2栈的顺序表示和实现","984425759","https://mooc2-ans.chaoxing.com/mooc2-ans/mycourse/teacherstudy?chapterId=984425759&courseId=248275882&clazzid=110782811"
"3.2.3.1","顺序栈的表示和初始化","984425774","https://mooc2-ans.chaoxing.com/mooc2-ans/mycourse/teacherstudy?chapterId=984425774&courseId=248275882&clazzid=110782811"
"3.2.3.2","顺序栈的入栈操作","984425976","https://mooc2-ans.chaoxing.com/mooc2-ans/mycourse/teacherstudy?chapterId=984425976&courseId=248275882&clazzid=110782811"
"3.2.3.3","顺序栈的出栈与取栈顶元素","984426028","https://mooc2-ans.chaoxing.com/mooc2-ans/mycourse/teacherstudy?chapterId=984426028&courseId=248275882&clazzid=110782811"
"3.2.4","3.1.3栈的链式表示和实现","984427139","https://mooc2-ans.chaoxing.com/mooc2-ans/mycourse/teacherstudy?chapterId=984427139&courseId=248275882&clazzid=110782811"
"3.2.4.1","链栈的类型定义","984427144","https://mooc2-ans.chaoxing.com/mooc2-ans/mycourse/teacherstudy?chapterId=984427144&courseId=248275882&clazzid=110782811"
"3.2.4.2","链栈入栈和出栈算法","984427251","https://mooc2-ans.chaoxing.com/mooc2-ans/mycourse/teacherstudy?chapterId=984427251&courseId=248275882&clazzid=110782811"
"3.3","3.2栈与递归","984441585","https://mooc2-ans.chaoxing.com/mooc2-ans/mycourse/teacherstudy?chapterId=984441585&courseId=248275882&clazzid=110782811"
"3.3.1","3.2.1采用递归解决的问题","984441638","https://mooc2-ans.chaoxing.com/mooc2-ans/mycourse/teacherstudy?chapterId=984441638&courseId=248275882&clazzid=110782811"
"3.3.2","3.2.2递归过程与递归工作栈","984441661","https://mooc2-ans.chaoxing.com/mooc2-ans/mycourse/teacherstudy?chapterId=984441661&courseId=248275882&clazzid=110782811"
"3.4","3.3队列","984428893","https://mooc2-ans.chaoxing.com/mooc2-ans/mycourse/teacherstudy?chapterId=984428893&courseId=248275882&clazzid=110782811"
"3.4.1","案例导学——银行排队问题","1007437142","https://mooc2-ans.chaoxing.com/mooc2-ans/mycourse/teacherstudy?chapterId=1007437142&courseId=248275882&clazzid=110782811"
"3.4.2","3.3.1队列的基本概念","984429556","https://mooc2-ans.chaoxing.com/mooc2-ans/mycourse/teacherstudy?chapterId=984429556&courseId=248275882&clazzid=110782811"
"3.4.3","3.3.2队列的顺序表示和实现","984429561","https://mooc2-ans.chaoxing.com/mooc2-ans/mycourse/teacherstudy?chapterId=984429561&courseId=248275882&clazzid=110782811"
"3.4.3.1","顺序队列","984429572","https://mooc2-ans.chaoxing.com/mooc2-ans/mycourse/teacherstudy?chapterId=984429572&courseId=248275882&clazzid=110782811"
"3.4.3.2","循环队列","984429629","https://mooc2-ans.chaoxing.com/mooc2-ans/mycourse/teacherstudy?chapterId=984429629&courseId=248275882&clazzid=110782811"
"3.4.3.3","循环队列的基本算法设计","984429638","https://mooc2-ans.chaoxing.com/mooc2-ans/mycourse/teacherstudy?chapterId=984429638&courseId=248275882&clazzid=110782811"
"3.4.4","3.3.3队列的链式表示和实现","984440454","https://mooc2-ans.chaoxing.com/mooc2-ans/mycourse/teacherstudy?chapterId=984440454&courseId=248275882&clazzid=110782811"
"3.4.4.1","队列的链式表示和初始化","984440817","https://mooc2-ans.chaoxing.com/mooc2-ans/mycourse/teacherstudy?chapterId=984440817&courseId=248275882&clazzid=110782811"
"3.4.4.2","链队列的插入和删除","984441094","https://mooc2-ans.chaoxing.com/mooc2-ans/mycourse/teacherstudy?chapterId=984441094&courseId=248275882&clazzid=110782811"
"3.5","3.4栈和队列的应用","984428796","https://mooc2-ans.chaoxing.com/mooc2-ans/mycourse/teacherstudy?chapterId=984428796&courseId=248275882&clazzid=110782811"
"3.5.1","3.4.1数值转换","984428839","https://mooc2-ans.chaoxing.com/mooc2-ans/mycourse/teacherstudy?chapterId=984428839&courseId=248275882&clazzid=110782811"
"3.5.2","3.4.2括号匹配的检验","984428878","https://mooc2-ans.chaoxing.com/mooc2-ans/mycourse/teacherstudy?chapterId=984428878&courseId=248275882&clazzid=110782811"
"3.5.2.1","括号匹配问题的提出","984441675","https://mooc2-ans.chaoxing.com/mooc2-ans/mycourse/teacherstudy?chapterId=984441675&courseId=248275882&clazzid=110782811"
"3.5.2.2","括号匹配算法设计","984441681","https://mooc2-ans.chaoxing.com/mooc2-ans/mycourse/teacherstudy?chapterId=984441681&courseId=248275882&clazzid=110782811"
"3.5.3","3.4.3表达式求值","984441712","https://mooc2-ans.chaoxing.com/mooc2-ans/mycourse/teacherstudy?chapterId=984441712&courseId=248275882&clazzid=110782811"
"3.5.4","3.4.4 银行客户排队系统算法设计","984441771","https://mooc2-ans.chaoxing.com/mooc2-ans/mycourse/teacherstudy?chapterId=984441771&courseId=248275882&clazzid=110782811"
"4.1","本章概述","1007442614","https://mooc2-ans.chaoxing.com/mooc2-ans/mycourse/teacherstudy?chapterId=1007442614&courseId=248275882&clazzid=110782811"
"4.2","案例导学 1——字处理软件的功能","1042488588","https://mooc2-ans.chaoxing.com/mooc2-ans/mycourse/teacherstudy?chapterId=1042488588&courseId=248275882&clazzid=110782811"
"4.3","4.1串的定义与操作","984444953","https://mooc2-ans.chaoxing.com/mooc2-ans/mycourse/teacherstudy?chapterId=984444953&courseId=248275882&clazzid=110782811"
"4.3.1","串的定义和基本概念","984444974","https://mooc2-ans.chaoxing.com/mooc2-ans/mycourse/teacherstudy?chapterId=984444974&courseId=248275882&clazzid=110782811"
"4.3.2","串的抽象数据类型定义","984444990","https://mooc2-ans.chaoxing.com/mooc2-ans/mycourse/teacherstudy?chapterId=984444990&courseId=248275882&clazzid=110782811"
"4.4","4.2串的表示与实现","984445001","https://mooc2-ans.chaoxing.com/mooc2-ans/mycourse/teacherstudy?chapterId=984445001&courseId=248275882&clazzid=110782811"
"4.4.1","定长顺序存储表示","984445012","https://mooc2-ans.chaoxing.com/mooc2-ans/mycourse/teacherstudy?chapterId=984445012&courseId=248275882&clazzid=110782811"
"4.4.2","堆分配存储表示","984445013","https://mooc2-ans.chaoxing.com/mooc2-ans/mycourse/teacherstudy?chapterId=984445013&courseId=248275882&clazzid=110782811"
"4.4.3","串的链式存储表示","984445064","https://mooc2-ans.chaoxing.com/mooc2-ans/mycourse/teacherstudy?chapterId=984445064&courseId=248275882&clazzid=110782811"
"4.5","4.3串的模式匹配","984445241","https://mooc2-ans.chaoxing.com/mooc2-ans/mycourse/teacherstudy?chapterId=984445241&courseId=248275882&clazzid=110782811"
"4.5.1","简单模式匹配","984445321","https://mooc2-ans.chaoxing.com/mooc2-ans/mycourse/teacherstudy?chapterId=984445321&courseId=248275882&clazzid=110782811"
"4.5.2","KMP算法","984445329","https://mooc2-ans.chaoxing.com/mooc2-ans/mycourse/teacherstudy?chapterId=984445329&courseId=248275882&clazzid=110782811"
"4.6","案例导学 2——推荐系统中的评分矩阵","1042490623","https://mooc2-ans.chaoxing.com/mooc2-ans/mycourse/teacherstudy?chapterId=1042490623&courseId=248275882&clazzid=110782811"
"4.7","4.4数组","984445454","https://mooc2-ans.chaoxing.com/mooc2-ans/mycourse/teacherstudy?chapterId=984445454&courseId=248275882&clazzid=110782811"
"4.7.1","数组的定义","984445469","https://mooc2-ans.chaoxing.com/mooc2-ans/mycourse/teacherstudy?chapterId=984445469&courseId=248275882&clazzid=110782811"
"4.7.2","数组的顺序存储","984445509","https://mooc2-ans.chaoxing.com/mooc2-ans/mycourse/teacherstudy?chapterId=984445509&courseId=248275882&clazzid=110782811"
"4.7.3","特殊矩阵的压缩存储","984445670","https://mooc2-ans.chaoxing.com/mooc2-ans/mycourse/teacherstudy?chapterId=984445670&courseId=248275882&clazzid=110782811"
"4.8","案例导学 3——自然语言理解中的文本处理","1042492506","https://mooc2-ans.chaoxing.com/mooc2-ans/mycourse/teacherstudy?chapterId=1042492506&courseId=248275882&clazzid=110782811"
"4.9","4.5广义表","984445714","https://mooc2-ans.chaoxing.com/mooc2-ans/mycourse/teacherstudy?chapterId=984445714&courseId=248275882&clazzid=110782811"
"5.1","本章概述","1007443286","https://mooc2-ans.chaoxing.com/mooc2-ans/mycourse/teacherstudy?chapterId=1007443286&courseId=248275882&clazzid=110782811"
"5.2","案例导学——最佳判定树设计","984445940","https://mooc2-ans.chaoxing.com/mooc2-ans/mycourse/teacherstudy?chapterId=984445940&courseId=248275882&clazzid=110782811"
"5.3","5.1树","984446020","https://mooc2-ans.chaoxing.com/mooc2-ans/mycourse/teacherstudy?chapterId=984446020&courseId=248275882&clazzid=110782811"
"5.3.1","树的定义和基本术语","984446140","https://mooc2-ans.chaoxing.com/mooc2-ans/mycourse/teacherstudy?chapterId=984446140&courseId=248275882&clazzid=110782811"
"5.3.2","树的抽象数据类型定义","984446147","https://mooc2-ans.chaoxing.com/mooc2-ans/mycourse/teacherstudy?chapterId=984446147&courseId=248275882&clazzid=110782811"
"5.4","5.2 二叉树","984446154","https://mooc2-ans.chaoxing.com/mooc2-ans/mycourse/teacherstudy?chapterId=984446154&courseId=248275882&clazzid=110782811"
"5.4.1","二叉树的定义与特点","984446159","https://mooc2-ans.chaoxing.com/mooc2-ans/mycourse/teacherstudy?chapterId=984446159&courseId=248275882&clazzid=110782811"
"5.4.2","二叉树的抽象数据类型定义","984446190","https://mooc2-ans.chaoxing.com/mooc2-ans/mycourse/teacherstudy?chapterId=984446190&courseId=248275882&clazzid=110782811"
"5.4.3","二叉树的性质","984446622","https://mooc2-ans.chaoxing.com/mooc2-ans/mycourse/teacherstudy?chapterId=984446622&courseId=248275882&clazzid=110782811"
"5.4.4","二叉树的存储结构","984446737","https://mooc2-ans.chaoxing.com/mooc2-ans/mycourse/teacherstudy?chapterId=984446737&courseId=248275882&clazzid=110782811"
"5.5","5.3 遍历二叉树","984447262","https://mooc2-ans.chaoxing.com/mooc2-ans/mycourse/teacherstudy?chapterId=984447262&courseId=248275882&clazzid=110782811"
"5.5.1","二叉树遍历的定义与策略","984447517","https://mooc2-ans.chaoxing.com/mooc2-ans/mycourse/teacherstudy?chapterId=984447517&courseId=248275882&clazzid=110782811"
"5.5.2","二叉树的遍历算法","984447719","https://mooc2-ans.chaoxing.com/mooc2-ans/mycourse/teacherstudy?chapterId=984447719&courseId=248275882&clazzid=110782811"
"5.5.2.1","二叉树的递归遍历","984447889","https://mooc2-ans.chaoxing.com/mooc2-ans/mycourse/teacherstudy?chapterId=984447889&courseId=248275882&clazzid=110782811"
"5.5.2.2","二叉树的非递归遍历","984447898","https://mooc2-ans.chaoxing.com/mooc2-ans/mycourse/teacherstudy?chapterId=984447898&courseId=248275882&clazzid=110782811"
"5.6","5.4 线索二叉树","984447907","https://mooc2-ans.chaoxing.com/mooc2-ans/mycourse/teacherstudy?chapterId=984447907&courseId=248275882&clazzid=110782811"
"5.6.1","线索二叉树的基本概念和存储结构","984447909","https://mooc2-ans.chaoxing.com/mooc2-ans/mycourse/teacherstudy?chapterId=984447909&courseId=248275882&clazzid=110782811"
"5.6.2","线索二叉树实例","984542117","https://mooc2-ans.chaoxing.com/mooc2-ans/mycourse/teacherstudy?chapterId=984542117&courseId=248275882&clazzid=110782811"
"5.6.3","二叉树的线索化算法","984542156","https://mooc2-ans.chaoxing.com/mooc2-ans/mycourse/teacherstudy?chapterId=984542156&courseId=248275882&clazzid=110782811"
"5.6.4","线索二叉树的遍历","984542204","https://mooc2-ans.chaoxing.com/mooc2-ans/mycourse/teacherstudy?chapterId=984542204&courseId=248275882&clazzid=110782811"
"5.7","5.5 树和森林","984542212","https://mooc2-ans.chaoxing.com/mooc2-ans/mycourse/teacherstudy?chapterId=984542212&courseId=248275882&clazzid=110782811"
"5.7.1","树的存储结构","984542217","https://mooc2-ans.chaoxing.com/mooc2-ans/mycourse/teacherstudy?chapterId=984542217&courseId=248275882&clazzid=110782811"
"5.7.1.1","双亲表示法","984542334","https://mooc2-ans.chaoxing.com/mooc2-ans/mycourse/teacherstudy?chapterId=984542334&courseId=248275882&clazzid=110782811"
"5.7.1.2","孩子表示法","984542363","https://mooc2-ans.chaoxing.com/mooc2-ans/mycourse/teacherstudy?chapterId=984542363&courseId=248275882&clazzid=110782811"
"5.7.1.3","二叉树表示法","988111180","https://mooc2-ans.chaoxing.com/mooc2-ans/mycourse/teacherstudy?chapterId=988111180&courseId=248275882&clazzid=110782811"
"5.7.2","树、森林 与二叉树的转换","984542814","https://mooc2-ans.chaoxing.com/mooc2-ans/mycourse/teacherstudy?chapterId=984542814&courseId=248275882&clazzid=110782811"
"5.7.3","树和森林的遍历","984542888","https://mooc2-ans.chaoxing.com/mooc2-ans/mycourse/teacherstudy?chapterId=984542888&courseId=248275882&clazzid=110782811"
"5.7.3.1","树的遍历","984543070","https://mooc2-ans.chaoxing.com/mooc2-ans/mycourse/teacherstudy?chapterId=984543070&courseId=248275882&clazzid=110782811"
"5.7.3.2","森林的遍历","984543143","https://mooc2-ans.chaoxing.com/mooc2-ans/mycourse/teacherstudy?chapterId=984543143&courseId=248275882&clazzid=110782811"
"5.8","5.6 哈夫曼树与哈夫曼编码","984543154","https://mooc2-ans.chaoxing.com/mooc2-ans/mycourse/teacherstudy?chapterId=984543154&courseId=248275882&clazzid=110782811"
"5.8.1","哈夫曼树的定义","984543169","https://mooc2-ans.chaoxing.com/mooc2-ans/mycourse/teacherstudy?chapterId=984543169&courseId=248275882&clazzid=110782811"
"5.8.2","哈夫曼树的构造","984543200","https://mooc2-ans.chaoxing.com/mooc2-ans/mycourse/teacherstudy?chapterId=984543200&courseId=248275882&clazzid=110782811"
"5.8.3","最佳判定树的设计","984543221","https://mooc2-ans.chaoxing.com/mooc2-ans/mycourse/teacherstudy?chapterId=984543221&courseId=248275882&clazzid=110782811"
"5.8.4","哈夫曼编码与译码","984543224","https://mooc2-ans.chaoxing.com/mooc2-ans/mycourse/teacherstudy?chapterId=984543224&courseId=248275882&clazzid=110782811"
"6.1","本章概述","1007446937","https://mooc2-ans.chaoxing.com/mooc2-ans/mycourse/teacherstudy?chapterId=1007446937&courseId=248275882&clazzid=110782811"
"6.2","案例导学——最小代价通信网的构造","984793226","https://mooc2-ans.chaoxing.com/mooc2-ans/mycourse/teacherstudy?chapterId=984793226&courseId=248275882&clazzid=110782811"
"6.3","图的概述","984787141","https://mooc2-ans.chaoxing.com/mooc2-ans/mycourse/teacherstudy?chapterId=984787141&courseId=248275882&clazzid=110782811"
"6.3.1","图的定义与基本术语","984787204","https://mooc2-ans.chaoxing.com/mooc2-ans/mycourse/teacherstudy?chapterId=984787204&courseId=248275882&clazzid=110782811"
"6.3.1.1","图及子图","984787214","https://mooc2-ans.chaoxing.com/mooc2-ans/mycourse/teacherstudy?chapterId=984787214&courseId=248275882&clazzid=110782811"
"6.3.1.2","图的分类","984787358","https://mooc2-ans.chaoxing.com/mooc2-ans/mycourse/teacherstudy?chapterId=984787358&courseId=248275882&clazzid=110782811"
"6.3.1.3","路径的相关概念","984787723","https://mooc2-ans.chaoxing.com/mooc2-ans/mycourse/teacherstudy?chapterId=984787723&courseId=248275882&clazzid=110782811"
"6.3.1.4","连通图与生成树的相关概念","984787728","https://mooc2-ans.chaoxing.com/mooc2-ans/mycourse/teacherstudy?chapterId=984787728&courseId=248275882&clazzid=110782811"
"6.3.2","6.1.2 图的抽象数据类型定义","988120169","https://mooc2-ans.chaoxing.com/mooc2-ans/mycourse/teacherstudy?chapterId=988120169&courseId=248275882&clazzid=110782811"
"6.4","6.2 图的存储结构","984788227","https://mooc2-ans.chaoxing.com/mooc2-ans/mycourse/teacherstudy?chapterId=984788227&courseId=248275882&clazzid=110782811"
"6.4.1","6.2.1 邻接矩阵","984788822","https://mooc2-ans.chaoxing.com/mooc2-ans/mycourse/teacherstudy?chapterId=984788822&courseId=248275882&clazzid=110782811"
"6.4.1.1","邻接矩阵存储的含义","984789003","https://mooc2-ans.chaoxing.com/mooc2-ans/mycourse/teacherstudy?chapterId=984789003&courseId=248275882&clazzid=110782811"
"6.4.1.2","邻接矩阵存储的特点","984789084","https://mooc2-ans.chaoxing.com/mooc2-ans/mycourse/teacherstudy?chapterId=984789084&courseId=248275882&clazzid=110782811"
"6.4.1.3","邻接矩阵的类型定义","984789177","https://mooc2-ans.chaoxing.com/mooc2-ans/mycourse/teacherstudy?chapterId=984789177&courseId=248275882&clazzid=110782811"
"6.4.1.4","基于邻接矩阵创建图","984789206","https://mooc2-ans.chaoxing.com/mooc2-ans/mycourse/teacherstudy?chapterId=984789206&courseId=248275882&clazzid=110782811"
"6.4.2","6.2.2 邻接表","984789693","https://mooc2-ans.chaoxing.com/mooc2-ans/mycourse/teacherstudy?chapterId=984789693&courseId=248275882&clazzid=110782811"
"6.4.2.1","邻接表存储表示","984789823","https://mooc2-ans.chaoxing.com/mooc2-ans/mycourse/teacherstudy?chapterId=984789823&courseId=248275882&clazzid=110782811"
"6.4.2.2","邻接表存储结构的类型定义","984790252","https://mooc2-ans.chaoxing.com/mooc2-ans/mycourse/teacherstudy?chapterId=984790252&courseId=248275882&clazzid=110782811"
"6.4.2.3","基于邻接表创建图","984790258","https://mooc2-ans.chaoxing.com/mooc2-ans/mycourse/teacherstudy?chapterId=984790258&courseId=248275882&clazzid=110782811"
"6.5","6.3 图的遍历","984790930","https://mooc2-ans.chaoxing.com/mooc2-ans/mycourse/teacherstudy?chapterId=984790930&courseId=248275882&clazzid=110782811"
"6.5.1","图遍历的复杂性","984791014","https://mooc2-ans.chaoxing.com/mooc2-ans/mycourse/teacherstudy?chapterId=984791014&courseId=248275882&clazzid=110782811"
"6.5.2","6.3.1 深度优先遍历","984791867","https://mooc2-ans.chaoxing.com/mooc2-ans/mycourse/teacherstudy?chapterId=984791867&courseId=248275882&clazzid=110782811"
"6.5.2.1","深度优先遍历的过程","984791870","https://mooc2-ans.chaoxing.com/mooc2-ans/mycourse/teacherstudy?chapterId=984791870&courseId=248275882&clazzid=110782811"
"6.5.2.2","图深度优先遍历的实现要点","984791905","https://mooc2-ans.chaoxing.com/mooc2-ans/mycourse/teacherstudy?chapterId=984791905&courseId=248275882&clazzid=110782811"
"6.5.2.3","指定结点的深度优先遍历算法","984792597","https://mooc2-ans.chaoxing.com/mooc2-ans/mycourse/teacherstudy?chapterId=984792597&courseId=248275882&clazzid=110782811"
"6.5.2.4","邻接矩阵存储结构下深度优先遍历及效率分析","984792761","https://mooc2-ans.chaoxing.com/mooc2-ans/mycourse/teacherstudy?chapterId=984792761&courseId=248275882&clazzid=110782811"
"6.5.2.5","邻接表存储结构下深度优先遍历及效率分析","984792828","https://mooc2-ans.chaoxing.com/mooc2-ans/mycourse/teacherstudy?chapterId=984792828&courseId=248275882&clazzid=110782811"
"6.5.3","6.3.2 广度优先遍历","984792973","https://mooc2-ans.chaoxing.com/mooc2-ans/mycourse/teacherstudy?chapterId=984792973&courseId=248275882&clazzid=110782811"
"6.5.3.1","广度优先遍历的过程","984793110","https://mooc2-ans.chaoxing.com/mooc2-ans/mycourse/teacherstudy?chapterId=984793110&courseId=248275882&clazzid=110782811"
"6.5.3.2","广度优先遍历算法","984793114","https://mooc2-ans.chaoxing.com/mooc2-ans/mycourse/teacherstudy?chapterId=984793114&courseId=248275882&clazzid=110782811"
"6.6","6.4 最小生成树","984793208","https://mooc2-ans.chaoxing.com/mooc2-ans/mycourse/teacherstudy?chapterId=984793208&courseId=248275882&clazzid=110782811"
"6.6.1","6.4.1 最小生成树的概念","984793476","https://mooc2-ans.chaoxing.com/mooc2-ans/mycourse/teacherstudy?chapterId=984793476&courseId=248275882&clazzid=110782811"
"6.6.2","6.4.2 Prim算法","984793736","https://mooc2-ans.chaoxing.com/mooc2-ans/mycourse/teacherstudy?chapterId=984793736&courseId=248275882&clazzid=110782811"
"6.6.2.1","Prim算法的基本思想","984793931","https://mooc2-ans.chaoxing.com/mooc2-ans/mycourse/teacherstudy?chapterId=984793931&courseId=248275882&clazzid=110782811"
"6.6.2.2","Prim算法的实现过程","984794110","https://mooc2-ans.chaoxing.com/mooc2-ans/mycourse/teacherstudy?chapterId=984794110&courseId=248275882&clazzid=110782811"
"6.6.2.3","Prim算法的设计","984794188","https://mooc2-ans.chaoxing.com/mooc2-ans/mycourse/teacherstudy?chapterId=984794188&courseId=248275882&clazzid=110782811"
"6.6.3","6.4.3 Kruskal算法","984794252","https://mooc2-ans.chaoxing.com/mooc2-ans/mycourse/teacherstudy?chapterId=984794252&courseId=248275882&clazzid=110782811"
"6.7","6.5 最短路径","984794372","https://mooc2-ans.chaoxing.com/mooc2-ans/mycourse/teacherstudy?chapterId=984794372&courseId=248275882&clazzid=110782811"
"6.7.1","案例导学——景点导游中最短路径问题","984794437","https://mooc2-ans.chaoxing.com/mooc2-ans/mycourse/teacherstudy?chapterId=984794437&courseId=248275882&clazzid=110782811"
"6.7.2","6.5.1单源最短路径","984794543","https://mooc2-ans.chaoxing.com/mooc2-ans/mycourse/teacherstudy?chapterId=984794543&courseId=248275882&clazzid=110782811"
"6.7.2.1","单源最短路径的含义","984794556","https://mooc2-ans.chaoxing.com/mooc2-ans/mycourse/teacherstudy?chapterId=984794556&courseId=248275882&clazzid=110782811"
"6.7.2.2","迪杰斯特拉算法思想","984794701","https://mooc2-ans.chaoxing.com/mooc2-ans/mycourse/teacherstudy?chapterId=984794701&courseId=248275882&clazzid=110782811"
"6.7.2.3","迪杰斯特拉算法实现要点","984794710","https://mooc2-ans.chaoxing.com/mooc2-ans/mycourse/teacherstudy?chapterId=984794710&courseId=248275882&clazzid=110782811"
"6.7.3","6.5.2 任意一对顶点间的最短路径","984794937","https://mooc2-ans.chaoxing.com/mooc2-ans/mycourse/teacherstudy?chapterId=984794937&courseId=248275882&clazzid=110782811"
"6.7.3.1","弗洛伊德算法思想","984795146","https://mooc2-ans.chaoxing.com/mooc2-ans/mycourse/teacherstudy?chapterId=984795146&courseId=248275882&clazzid=110782811"
"6.7.3.2","弗洛伊德算法设计","984795150","https://mooc2-ans.chaoxing.com/mooc2-ans/mycourse/teacherstudy?chapterId=984795150&courseId=248275882&clazzid=110782811"
"6.8","6.6拓扑排序与关键路径","984795190","https://mooc2-ans.chaoxing.com/mooc2-ans/mycourse/teacherstudy?chapterId=984795190&courseId=248275882&clazzid=110782811"
"6.8.1","案例导学——工程管理中的工期问题","984796184","https://mooc2-ans.chaoxing.com/mooc2-ans/mycourse/teacherstudy?chapterId=984796184&courseId=248275882&clazzid=110782811"
"6.8.2","6.6.1 拓扑排序","984796186","https://mooc2-ans.chaoxing.com/mooc2-ans/mycourse/teacherstudy?chapterId=984796186&courseId=248275882&clazzid=110782811"
"6.8.2.1","有向无环图及其应用","984796262","https://mooc2-ans.chaoxing.com/mooc2-ans/mycourse/teacherstudy?chapterId=984796262&courseId=248275882&clazzid=110782811"
"6.8.2.2","拓扑排序及其实现方法","984796317","https://mooc2-ans.chaoxing.com/mooc2-ans/mycourse/teacherstudy?chapterId=984796317&courseId=248275882&clazzid=110782811"
"6.8.2.3","拓扑排序实现要点","984796345","https://mooc2-ans.chaoxing.com/mooc2-ans/mycourse/teacherstudy?chapterId=984796345&courseId=248275882&clazzid=110782811"
"6.8.2.4","拓扑排序算法","988121007","https://mooc2-ans.chaoxing.com/mooc2-ans/mycourse/teacherstudy?chapterId=988121007&courseId=248275882&clazzid=110782811"
"6.8.3","6.6.2 关键路径","984796893","https://mooc2-ans.chaoxing.com/mooc2-ans/mycourse/teacherstudy?chapterId=984796893&courseId=248275882&clazzid=110782811"
"6.8.3.1","关键路径的概念","984796904","https://mooc2-ans.chaoxing.com/mooc2-ans/mycourse/teacherstudy?chapterId=984796904&courseId=248275882&clazzid=110782811"
"6.8.3.2","事件的最早发生时间和最迟发生时间","984796909","https://mooc2-ans.chaoxing.com/mooc2-ans/mycourse/teacherstudy?chapterId=984796909&courseId=248275882&clazzid=110782811"
"6.8.3.3","活动的最早发生时间和最迟发生时间","984797023","https://mooc2-ans.chaoxing.com/mooc2-ans/mycourse/teacherstudy?chapterId=984797023&courseId=248275882&clazzid=110782811"
"6.8.3.4","关键路径的求解过程与实例","984797135","https://mooc2-ans.chaoxing.com/mooc2-ans/mycourse/teacherstudy?chapterId=984797135&courseId=248275882&clazzid=110782811"
"7.1","本章概述","1007448039","https://mooc2-ans.chaoxing.com/mooc2-ans/mycourse/teacherstudy?chapterId=1007448039&courseId=248275882&clazzid=110782811"
"7.2","案例导学 ——通信录查询系统","984797225","https://mooc2-ans.chaoxing.com/mooc2-ans/mycourse/teacherstudy?chapterId=984797225&courseId=248275882&clazzid=110782811"
"7.3","7.1查找的基本概念","984797228","https://mooc2-ans.chaoxing.com/mooc2-ans/mycourse/teacherstudy?chapterId=984797228&courseId=248275882&clazzid=110782811"
"7.3.1","7.1.1 查找表与关键字","1013447421","https://mooc2-ans.chaoxing.com/mooc2-ans/mycourse/teacherstudy?chapterId=1013447421&courseId=248275882&clazzid=110782811"
"7.3.2","7.1.2 查找与平均查找长度","1013447732","https://mooc2-ans.chaoxing.com/mooc2-ans/mycourse/teacherstudy?chapterId=1013447732&courseId=248275882&clazzid=110782811"
"7.4","7.2 静态查找表","984797234","https://mooc2-ans.chaoxing.com/mooc2-ans/mycourse/teacherstudy?chapterId=984797234&courseId=248275882&clazzid=110782811"
"7.4.1","7.2.1 顺序査找","984797236","https://mooc2-ans.chaoxing.com/mooc2-ans/mycourse/teacherstudy?chapterId=984797236&courseId=248275882&clazzid=110782811"
"7.4.1.1","静态查找表的类型定义与约定","984797934","https://mooc2-ans.chaoxing.com/mooc2-ans/mycourse/teacherstudy?chapterId=984797934&courseId=248275882&clazzid=110782811"
"7.4.1.2","顺序査找算法","984797950","https://mooc2-ans.chaoxing.com/mooc2-ans/mycourse/teacherstudy?chapterId=984797950&courseId=248275882&clazzid=110782811"
"7.4.2","7.2.2 折半查找","984797989","https://mooc2-ans.chaoxing.com/mooc2-ans/mycourse/teacherstudy?chapterId=984797989&courseId=248275882&clazzid=110782811"
"7.4.2.1","折半查找过程与算法","984797994","https://mooc2-ans.chaoxing.com/mooc2-ans/mycourse/teacherstudy?chapterId=984797994&courseId=248275882&clazzid=110782811"
"7.4.2.2","折半查找性能分析与折半查找判定树","984798017","https://mooc2-ans.chaoxing.com/mooc2-ans/mycourse/teacherstudy?chapterId=984798017&courseId=248275882&clazzid=110782811"
"7.4.3","7.2.3 分块査找","984798133","https://mooc2-ans.chaoxing.com/mooc2-ans/mycourse/teacherstudy?chapterId=984798133&courseId=248275882&clazzid=110782811"
"7.5","7.3 动态查找表","984798144","https://mooc2-ans.chaoxing.com/mooc2-ans/mycourse/teacherstudy?chapterId=984798144&courseId=248275882&clazzid=110782811"
"7.5.1","7.3.1 二叉排序树","984798151","https://mooc2-ans.chaoxing.com/mooc2-ans/mycourse/teacherstudy?chapterId=984798151&courseId=248275882&clazzid=110782811"
"7.5.1.1","二叉排序树的概念和查找过程","984798155","https://mooc2-ans.chaoxing.com/mooc2-ans/mycourse/teacherstudy?chapterId=984798155&courseId=248275882&clazzid=110782811"
"7.5.1.2","二叉排序树的插入与递归查找算法的改进","984798192","https://mooc2-ans.chaoxing.com/mooc2-ans/mycourse/teacherstudy?chapterId=984798192&courseId=248275882&clazzid=110782811"
"7.5.1.3","二叉排序树的插入","984798313","https://mooc2-ans.chaoxing.com/mooc2-ans/mycourse/teacherstudy?chapterId=984798313&courseId=248275882&clazzid=110782811"
"7.5.1.4","二叉排序树不同位置结点删除的分析","984798316","https://mooc2-ans.chaoxing.com/mooc2-ans/mycourse/teacherstudy?chapterId=984798316&courseId=248275882&clazzid=110782811"
"7.5.1.5","二叉排序树删除算法","984798321","https://mooc2-ans.chaoxing.com/mooc2-ans/mycourse/teacherstudy?chapterId=984798321&courseId=248275882&clazzid=110782811"
"7.5.1.6","二叉排序树的效率分析","984798488","https://mooc2-ans.chaoxing.com/mooc2-ans/mycourse/teacherstudy?chapterId=984798488&courseId=248275882&clazzid=110782811"
"7.5.2","7.3.2 平衡二叉树","984798501","https://mooc2-ans.chaoxing.com/mooc2-ans/mycourse/teacherstudy?chapterId=984798501&courseId=248275882&clazzid=110782811"
"7.5.2.1","平衡二叉树的概念","984798510","https://mooc2-ans.chaoxing.com/mooc2-ans/mycourse/teacherstudy?chapterId=984798510&courseId=248275882&clazzid=110782811"
"7.5.2.2","构建平衡二叉树的方法","984798684","https://mooc2-ans.chaoxing.com/mooc2-ans/mycourse/teacherstudy?chapterId=984798684&courseId=248275882&clazzid=110782811"
"7.5.2.3","平衡二叉树的构建实例与分析","984798725","https://mooc2-ans.chaoxing.com/mooc2-ans/mycourse/teacherstudy?chapterId=984798725&courseId=248275882&clazzid=110782811"
"7.5.3","7.3.3 B-树和B+树","984798736","https://mooc2-ans.chaoxing.com/mooc2-ans/mycourse/teacherstudy?chapterId=984798736&courseId=248275882&clazzid=110782811"
"7.5.3.1","B-树","984798747","https://mooc2-ans.chaoxing.com/mooc2-ans/mycourse/teacherstudy?chapterId=984798747&courseId=248275882&clazzid=110782811"
"7.5.3.2","B+树","984798755","https://mooc2-ans.chaoxing.com/mooc2-ans/mycourse/teacherstudy?chapterId=984798755&courseId=248275882&clazzid=110782811"
"7.6","7.4 哈希表","984798777","https://mooc2-ans.chaoxing.com/mooc2-ans/mycourse/teacherstudy?chapterId=984798777&courseId=248275882&clazzid=110782811"
"7.6.1","7.4.1 哈希表的基本概念","984798789","https://mooc2-ans.chaoxing.com/mooc2-ans/mycourse/teacherstudy?chapterId=984798789&courseId=248275882&clazzid=110782811"
"7.6.2","7.4.2 哈希函数的构造方法","984798854","https://mooc2-ans.chaoxing.com/mooc2-ans/mycourse/teacherstudy?chapterId=984798854&courseId=248275882&clazzid=110782811"
"7.6.3","7.4.3 沖突的处理方法","984798933","https://mooc2-ans.chaoxing.com/mooc2-ans/mycourse/teacherstudy?chapterId=984798933&courseId=248275882&clazzid=110782811"
"7.6.3.1","开放定址法","984798939","https://mooc2-ans.chaoxing.com/mooc2-ans/mycourse/teacherstudy?chapterId=984798939&courseId=248275882&clazzid=110782811"
"7.6.3.2","链地址法","984798941","https://mooc2-ans.chaoxing.com/mooc2-ans/mycourse/teacherstudy?chapterId=984798941&courseId=248275882&clazzid=110782811"
"7.6.4","哈希表的查找","984801064","https://mooc2-ans.chaoxing.com/mooc2-ans/mycourse/teacherstudy?chapterId=984801064&courseId=248275882&clazzid=110782811"
"8.1","本章概述","1007449159","https://mooc2-ans.chaoxing.com/mooc2-ans/mycourse/teacherstudy?chapterId=1007449159&courseId=248275882&clazzid=110782811"
"8.2","案例导学——新高考排位的计算","984801803","https://mooc2-ans.chaoxing.com/mooc2-ans/mycourse/teacherstudy?chapterId=984801803&courseId=248275882&clazzid=110782811"
"8.3","8.1排序概述","984801807","https://mooc2-ans.chaoxing.com/mooc2-ans/mycourse/teacherstudy?chapterId=984801807&courseId=248275882&clazzid=110782811"
"8.3.1","排序的基本概念","984801812","https://mooc2-ans.chaoxing.com/mooc2-ans/mycourse/teacherstudy?chapterId=984801812&courseId=248275882&clazzid=110782811"
"8.3.2","排序方法的分类","984801824","https://mooc2-ans.chaoxing.com/mooc2-ans/mycourse/teacherstudy?chapterId=984801824&courseId=248275882&clazzid=110782811"
"8.3.3","排序记录的存储结构","984801895","https://mooc2-ans.chaoxing.com/mooc2-ans/mycourse/teacherstudy?chapterId=984801895&courseId=248275882&clazzid=110782811"
"8.4","8.2 插入排序","984802141","https://mooc2-ans.chaoxing.com/mooc2-ans/mycourse/teacherstudy?chapterId=984802141&courseId=248275882&clazzid=110782811"
"8.4.1","8.2.1 直接插入排序","984802238","https://mooc2-ans.chaoxing.com/mooc2-ans/mycourse/teacherstudy?chapterId=984802238&courseId=248275882&clazzid=110782811"
"8.4.1.1","直接插入排序的过程","984802276","https://mooc2-ans.chaoxing.com/mooc2-ans/mycourse/teacherstudy?chapterId=984802276&courseId=248275882&clazzid=110782811"
"8.4.1.2","直接插入排序算法和效率分析","984802303","https://mooc2-ans.chaoxing.com/mooc2-ans/mycourse/teacherstudy?chapterId=984802303&courseId=248275882&clazzid=110782811"
"8.4.2","8.2.2 折半插入排序","984802324","https://mooc2-ans.chaoxing.com/mooc2-ans/mycourse/teacherstudy?chapterId=984802324&courseId=248275882&clazzid=110782811"
"8.4.3","8.2.3 希尔排序","984802336","https://mooc2-ans.chaoxing.com/mooc2-ans/mycourse/teacherstudy?chapterId=984802336&courseId=248275882&clazzid=110782811"
"8.4.3.1","希尔排序的过程","984802510","https://mooc2-ans.chaoxing.com/mooc2-ans/mycourse/teacherstudy?chapterId=984802510&courseId=248275882&clazzid=110782811"
"8.4.3.2","希尔排序算法和效率分析","984802537","https://mooc2-ans.chaoxing.com/mooc2-ans/mycourse/teacherstudy?chapterId=984802537&courseId=248275882&clazzid=110782811"
"8.5","8.3 交换排序","984802943","https://mooc2-ans.chaoxing.com/mooc2-ans/mycourse/teacherstudy?chapterId=984802943&courseId=248275882&clazzid=110782811"
"8.5.1","8.3.1 冒泡排序","984802984","https://mooc2-ans.chaoxing.com/mooc2-ans/mycourse/teacherstudy?chapterId=984802984&courseId=248275882&clazzid=110782811"
"8.5.1.1","冒泡排序过程","984803004","https://mooc2-ans.chaoxing.com/mooc2-ans/mycourse/teacherstudy?chapterId=984803004&courseId=248275882&clazzid=110782811"
"8.5.1.2","冒泡排序算法和效率分析","984803317","https://mooc2-ans.chaoxing.com/mooc2-ans/mycourse/teacherstudy?chapterId=984803317&courseId=248275882&clazzid=110782811"
"8.5.2","8.3.2 快速排序","984803341","https://mooc2-ans.chaoxing.com/mooc2-ans/mycourse/teacherstudy?chapterId=984803341&courseId=248275882&clazzid=110782811"
"8.5.2.1","快速排序的一次划分过程","984803540","https://mooc2-ans.chaoxing.com/mooc2-ans/mycourse/teacherstudy?chapterId=984803540&courseId=248275882&clazzid=110782811"
"8.5.2.2","快速排序的一次划分算法","984803704","https://mooc2-ans.chaoxing.com/mooc2-ans/mycourse/teacherstudy?chapterId=984803704&courseId=248275882&clazzid=110782811"
"8.5.2.3","快速排序的过程和算法","984803726","https://mooc2-ans.chaoxing.com/mooc2-ans/mycourse/teacherstudy?chapterId=984803726&courseId=248275882&clazzid=110782811"
"8.5.2.4","快速排序效率分析","984803818","https://mooc2-ans.chaoxing.com/mooc2-ans/mycourse/teacherstudy?chapterId=984803818&courseId=248275882&clazzid=110782811"
"8.6","8.4 选择排序","984804151","https://mooc2-ans.chaoxing.com/mooc2-ans/mycourse/teacherstudy?chapterId=984804151&courseId=248275882&clazzid=110782811"
"8.6.1","8.4.1简单选择排序","984804442","https://mooc2-ans.chaoxing.com/mooc2-ans/mycourse/teacherstudy?chapterId=984804442&courseId=248275882&clazzid=110782811"
"8.6.2","8.4.2 堆排序","984804454","https://mooc2-ans.chaoxing.com/mooc2-ans/mycourse/teacherstudy?chapterId=984804454&courseId=248275882&clazzid=110782811"
"8.6.2.1","堆和堆排序的概念","984804463","https://mooc2-ans.chaoxing.com/mooc2-ans/mycourse/teacherstudy?chapterId=984804463&courseId=248275882&clazzid=110782811"
"8.6.2.2","堆排序中筛选的过程","988121838","https://mooc2-ans.chaoxing.com/mooc2-ans/mycourse/teacherstudy?chapterId=988121838&courseId=248275882&clazzid=110782811"
"8.6.2.3","堆排序的筛选算法","988121926","https://mooc2-ans.chaoxing.com/mooc2-ans/mycourse/teacherstudy?chapterId=988121926&courseId=248275882&clazzid=110782811"
"8.6.2.4","堆排序过程","988121969","https://mooc2-ans.chaoxing.com/mooc2-ans/mycourse/teacherstudy?chapterId=988121969&courseId=248275882&clazzid=110782811"
"8.6.2.5","堆排序算法和效率分析","988122200","https://mooc2-ans.chaoxing.com/mooc2-ans/mycourse/teacherstudy?chapterId=988122200&courseId=248275882&clazzid=110782811"
"8.7","8.5 归并排序","984804662","https://mooc2-ans.chaoxing.com/mooc2-ans/mycourse/teacherstudy?chapterId=984804662&courseId=248275882&clazzid=110782811"
"8.7.1","8.5.1 2路归并排序的基本过程","984804714","https://mooc2-ans.chaoxing.com/mooc2-ans/mycourse/teacherstudy?chapterId=984804714&courseId=248275882&clazzid=110782811"
"8.7.2","8.5.2 2路归并排序的算法","984804745","https://mooc2-ans.chaoxing.com/mooc2-ans/mycourse/teacherstudy?chapterId=984804745&courseId=248275882&clazzid=110782811"
"8.8","8.6 基数排序","988122909","https://mooc2-ans.chaoxing.com/mooc2-ans/mycourse/teacherstudy?chapterId=988122909&courseId=248275882&clazzid=110782811"
"8.8.1","8.6.1 多关键字的排序","988123453","https://mooc2-ans.chaoxing.com/mooc2-ans/mycourse/teacherstudy?chapterId=988123453&courseId=248275882&clazzid=110782811"
"8.8.1.1","多关键字排序的概念","988123487","https://mooc2-ans.chaoxing.com/mooc2-ans/mycourse/teacherstudy?chapterId=988123487&courseId=248275882&clazzid=110782811"
"8.8.1.2","多关键字排序的基本方法","988123496","https://mooc2-ans.chaoxing.com/mooc2-ans/mycourse/teacherstudy?chapterId=988123496&courseId=248275882&clazzid=110782811"
"8.8.2","8.6.2 链式基数排序","988123506","https://mooc2-ans.chaoxing.com/mooc2-ans/mycourse/teacherstudy?chapterId=988123506&courseId=248275882&clazzid=110782811"
"8.8.2.1","基数排序的基本思想","988123514","https://mooc2-ans.chaoxing.com/mooc2-ans/mycourse/teacherstudy?chapterId=988123514&courseId=248275882&clazzid=110782811"
"8.8.2.2","链式基数排序过程","988123518","https://mooc2-ans.chaoxing.com/mooc2-ans/mycourse/teacherstudy?chapterId=988123518&courseId=248275882&clazzid=110782811"
"8.9","内部排序方法的比较","988123529","https://mooc2-ans.chaoxing.com/mooc2-ans/mycourse/teacherstudy?chapterId=988123529&courseId=248275882&clazzid=110782811"